cdn,freq,aa
AAA,0.07972979740069118,Lys
AAC,0.05536969247868616,Asn
AAG,0.015532376362413943,Lys
AAT,0.03461339495962512,Asn
ACA,0.05536969247868657,Thr
ACC,0.038452409828370115,Thr
ACG,0.010786718776267997,Thr
ACT,0.02403785155662704,Thr
AGA,0.015532376362413912,*
AGC,0.010786718776267933,Ser
AGG,0.0030259040324813477,*
AGT,0.006743128607136235,Ser
ATA,0.03461339495962523,Met
ATC,0.024037851556626997,Ile
ATG,0.006743128607136264,Met
ATT,0.01502684253178129,Ile
CAA,0.05536969247868623,Gln
CAC,0.0384524098283701,His
CAG,0.01078671877626796,Gln
CAT,0.024037851556627014,His
CCA,0.03845240982837019,Pro
CCC,0.026703919697189882,Pro
CCG,0.007491017423441405,Pro
CCT,0.016693488406220574,Pro
CGA,0.010786718776267969,Arg
CGC,0.007491017423441394,Arg
CGG,0.002101389708875079,Arg
CGT,0.00468287854094223,Arg
CTA,0.024037851556627084,Leu
CTC,0.016693488406220567,Leu
CTG,0.004682878540942239,Leu
CTT,0.010435642344968021,Leu
GAA,0.015532376362413967,Glu
GAC,0.010786718776267955,Asp
GAG,0.003025904032481362,Glu
GAT,0.006743128607136242,Asp
GCA,0.010786718776267986,Ala
GCC,0.007491017423441392,Ala
GCG,0.0021013897088751035,Ala
GCT,0.0046828785409422265,Ala
GGA,0.003025904032481359,Gly
GGC,0.002101389708875088,Gly
GGG,0.0005894845064367536,Gly
GGT,0.0013136470278462514,Gly
GTA,0.006743128607136277,Val
GTC,0.004682878540942231,Val
GTG,0.0013136470278462696,Val
GTT,0.0029274196266844163,Val
TAA,0.03461339495962521,*
TAC,0.024037851556627073,Tyr
TAG,0.006743128607136262,*
TAT,0.015026842531781276,Tyr
TCA,0.024037851556627035,Ser
TCC,0.016693488406220595,Ser
TCG,0.004682878540942235,Ser
TCT,0.01043564234496803,Ser
TGA,0.006743128607136259,Trp
TGC,0.004682878540942234,Cys
TGG,0.0013136470278462555,Trp
TGT,0.0029274196266844176,Cys
TTA,0.015026842531781303,Leu
TTC,0.010435642344968025,Phe
TTG,0.002927419626684422,Leu
TTT,0.006523659315659201,Phe
