aa,freq
Thr,0.13684575949295624
Lys,0.10133355377209842
Asn,0.09571801344975243
Pro,0.09503482847269315
Leu,0.07850790898340387
Ser,0.0780564448215916
Gln,0.07037278273687003
His,0.06647297675608577
Met,0.043992314463671967
Tyr,0.041554418953763654
Ile,0.041554418953763585
Ala,0.026659290620830608
Arg,0.026659290620830573
Glu,0.01974106227084805
Asp,0.01864708375078934
Phe,0.018040175222518353
Val,0.016665589319598415
Trp,0.008570261151792357
Cys,0.008095328167806028
Gly,0.007478498018335673
