Mut	ObsNum	ExpNum	MutSpec	MutSpec_q05	MutSpec_median	MutSpec_q95
A>C	24903.4	78.9251	0.0533396	0.0523334	0.0533955	0.0543039
A>G	35398.4	116.735	0.051261	0.0506371	0.0512281	0.0520538
A>T	16162.8	78.9251	0.0346185	0.0339868	0.034625	0.0352733
C>A	23929	59.5063	0.0679778	0.0667748	0.0679594	0.0689014
C>G	3851.06	59.5063	0.0109401	0.0106756	0.0109392	0.0112193
C>T	114744	159.705	0.121455	0.12027	0.121504	0.122992
G>A	15072.1	9.81921	0.25948	0.256232	0.258946	0.263367
G>C	2222.47	5.56728	0.0674838	0.0655555	0.0674348	0.0696217
G>T	1471.31	5.56728	0.0446754	0.0432764	0.0445999	0.0460269
T>A	6833.08	19.1813	0.0602207	0.0593726	0.0600564	0.061463
T>C	59155.2	47.5311	0.210388	0.208534	0.21047	0.212994
T>G	2060.52	19.1813	0.0181596	0.0175331	0.0181334	0.0187345
